disaster_type,severity_encoded,people_affected,target_risk_score,dataset_type
fire,1,21,35.3,synthetic
fire,3,11,75.5,synthetic
cyclone,3,63,83.1,synthetic
flood,3,12,81.7,synthetic
landslide,2,114,66.9,synthetic
storm,3,245,87.0,synthetic
fire,4,21,100,synthetic
storm,3,50,77.8,synthetic
cyclone,3,96,79.8,synthetic
earthquake,2,17,66.5,synthetic
fire,3,4,81.6,synthetic
cyclone,3,22,87.2,synthetic
cyclone,4,52,100,synthetic
other,1,45,38.0,synthetic
industrial,4,28,100,synthetic
fire,3,72,85.4,synthetic
earthquake,3,30,79.7,synthetic
landslide,4,115,100,synthetic
landslide,3,23,86.2,synthetic
landslide,4,87,100,synthetic
fire,4,13,98.0,synthetic
earthquake,3,96,90.6,synthetic
flood,3,34,75.2,synthetic
landslide,2,12,69.5,synthetic
fire,1,34,37.3,synthetic
earthquake,3,39,83.3,synthetic
cyclone,4,143,100,synthetic
storm,2,36,54.0,synthetic
cyclone,1,40,37.8,synthetic
fire,4,9,97.7,synthetic
cyclone,3,41,81.2,synthetic
fire,1,28,37.1,synthetic
other,4,45,97.4,synthetic
fire,2,13,50.7,synthetic
industrial,2,21,65.3,synthetic
fire,1,71,41.7,synthetic
other,3,2,75.1,synthetic
other,2,47,53.3,synthetic
storm,1,46,36.9,synthetic
fire,4,99,100,synthetic
cyclone,3,65,85.0,synthetic
storm,2,20,59.5,synthetic
landslide,3,39,82.5,synthetic
earthquake,4,26,100,synthetic
landslide,3,12,86.6,synthetic
fire,4,57,100,synthetic
landslide,3,55,85.8,synthetic
other,2,135,56.5,synthetic
flood,1,126,38.2,synthetic
industrial,3,51,91.3,synthetic
flood,4,41,100,synthetic
flood,4,18,100,synthetic
fire,2,79,68.2,synthetic
cyclone,4,64,100,synthetic
industrial,4,5,100,synthetic
other,2,95,63.1,synthetic
landslide,4,79,100,synthetic
landslide,4,106,100,synthetic
industrial,3,84,93.8,synthetic
landslide,2,103,66.6,synthetic
fire,3,10,70.7,synthetic
fire,2,41,64.7,synthetic
industrial,1,170,39.1,synthetic
cyclone,2,22,53.4,synthetic
fire,3,21,79.4,synthetic
landslide,3,7,85.8,synthetic
industrial,3,211,86.2,synthetic
flood,2,3,58.8,synthetic
storm,3,30,73.1,synthetic
earthquake,3,11,88.9,synthetic
storm,1,96,34.4,synthetic
earthquake,1,15,47.8,synthetic
fire,3,166,86.5,synthetic
industrial,2,227,60.1,synthetic
fire,3,2,76.9,synthetic
cyclone,4,16,97.0,synthetic
other,3,69,73.8,synthetic
other,4,77,99.4,synthetic
landslide,3,78,89.4,synthetic
cyclone,2,12,54.1,synthetic
landslide,2,13,62.4,synthetic
industrial,2,39,62.4,synthetic
cyclone,4,15,100,synthetic
industrial,3,103,86.0,synthetic
industrial,4,133,100,synthetic
cyclone,3,16,78.2,synthetic
industrial,2,58,63.3,synthetic
earthquake,4,65,100,synthetic
flood,1,13,35.1,synthetic
storm,2,10,58.1,synthetic
industrial,2,133,65.1,synthetic
flood,4,16,95.4,synthetic
flood,3,5,76.4,synthetic
landslide,3,8,82.7,synthetic
fire,3,15,74.0,synthetic
industrial,2,52,56.4,synthetic
cyclone,1,42,45.2,synthetic
storm,3,47,81.8,synthetic
storm,1,26,30.8,synthetic
other,3,23,80.5,synthetic
landslide,3,24,83.1,synthetic
cyclone,4,15,99.2,synthetic
industrial,2,34,56.1,synthetic
landslide,2,310,67.3,synthetic
landslide,3,36,87.2,synthetic
cyclone,3,57,90.0,synthetic
flood,1,7,30.7,synthetic
other,3,39,85.1,synthetic
other,2,21,55.5,synthetic
earthquake,2,61,69.0,synthetic
landslide,4,78,100,synthetic
earthquake,2,51,69.3,synthetic
other,1,33,35.7,synthetic
other,1,8,29.2,synthetic
flood,2,13,52.9,synthetic
cyclone,3,3,78.6,synthetic
landslide,4,59,100,synthetic
cyclone,3,22,74.2,synthetic
cyclone,2,28,59.7,synthetic
landslide,3,27,89.1,synthetic
landslide,3,65,92.1,synthetic
cyclone,3,9,80.4,synthetic
landslide,2,32,60.1,synthetic
other,2,160,61.0,synthetic
storm,3,298,85.3,synthetic
landslide,3,60,87.6,synthetic
other,4,9,92.0,synthetic
fire,3,27,79.8,synthetic
fire,4,13,97.5,synthetic
flood,3,21,91.2,synthetic
industrial,4,113,100,synthetic
other,3,61,82.7,synthetic
earthquake,4,24,100,synthetic
cyclone,3,28,91.8,synthetic
fire,3,34,80.6,synthetic
other,4,13,95.6,synthetic
industrial,2,68,62.3,synthetic
industrial,2,68,62.5,synthetic
flood,2,15,61.7,synthetic
earthquake,2,33,65.7,synthetic
industrial,3,24,81.4,synthetic
cyclone,4,27,97.4,synthetic
other,3,83,77.9,synthetic
earthquake,3,7,80.2,synthetic
storm,4,110,98.0,synthetic
earthquake,2,47,65.8,synthetic
other,3,12,76.3,synthetic
storm,4,94,100,synthetic
storm,3,128,79.3,synthetic
cyclone,3,73,85.1,synthetic
fire,3,51,86.4,synthetic
flood,1,71,40.3,synthetic
storm,2,16,55.2,synthetic
earthquake,1,186,44.2,synthetic
cyclone,3,42,82.4,synthetic
flood,4,32,97.3,synthetic
earthquake,1,63,39.2,synthetic
other,1,25,46.7,synthetic
landslide,4,50,100,synthetic
flood,4,433,100,synthetic
landslide,3,3,82.6,synthetic
landslide,3,106,91.8,synthetic
earthquake,3,247,92.4,synthetic
storm,3,12,83.7,synthetic
industrial,2,8,61.7,synthetic
landslide,4,3,99.2,synthetic
other,4,2,93.9,synthetic
fire,1,11,30.2,synthetic
flood,2,12,56.6,synthetic
industrial,4,157,100,synthetic
cyclone,3,53,84.0,synthetic
fire,1,105,33.7,synthetic
other,1,13,27.9,synthetic
industrial,3,173,89.8,synthetic
industrial,4,10,100,synthetic
cyclone,4,1094,100,synthetic
storm,1,14,26.1,synthetic
flood,3,21,73.6,synthetic
cyclone,1,62,40.8,synthetic
storm,3,119,92.4,synthetic
landslide,4,17,100,synthetic
flood,1,11,35.9,synthetic
storm,1,22,32.2,synthetic
fire,3,93,86.9,synthetic
fire,3,10,80.0,synthetic
landslide,3,32,78.0,synthetic
fire,3,5,82.9,synthetic
storm,2,44,59.7,synthetic
industrial,1,367,37.0,synthetic
cyclone,2,108,57.8,synthetic
other,2,62,55.9,synthetic
earthquake,3,33,92.6,synthetic
fire,1,116,35.1,synthetic
storm,3,10,76.6,synthetic
industrial,4,45,100.0,synthetic
other,2,13,52.5,synthetic
cyclone,4,143,100,synthetic
landslide,1,6,35.6,synthetic
storm,2,18,55.6,synthetic
flood,1,38,34.8,synthetic
other,2,15,55.0,synthetic
fire,4,29,96.4,synthetic
other,2,12,52.6,synthetic
other,3,22,80.5,synthetic
flood,1,22,36.9,synthetic
storm,1,34,37.2,synthetic
earthquake,2,70,71.0,synthetic
fire,2,73,55.2,synthetic
other,4,151,95.4,synthetic
industrial,2,28,56.6,synthetic
storm,1,76,32.4,synthetic
industrial,4,60,100,synthetic
earthquake,1,56,46.3,synthetic
storm,3,20,87.2,synthetic
cyclone,2,52,56.9,synthetic
storm,4,45,98.4,synthetic
fire,3,105,83.1,synthetic
fire,2,32,57.7,synthetic
landslide,1,52,35.8,synthetic
flood,2,161,63.4,synthetic
storm,3,36,75.0,synthetic
storm,4,4,97.8,synthetic
flood,2,28,56.1,synthetic
storm,4,14,97.6,synthetic
flood,3,45,88.4,synthetic
landslide,2,43,66.7,synthetic
fire,3,13,87.9,synthetic
industrial,1,51,36.4,synthetic
industrial,3,24,80.2,synthetic
fire,3,28,74.1,synthetic
storm,2,113,60.7,synthetic
earthquake,2,6,59.7,synthetic
flood,3,189,84.6,synthetic
earthquake,4,399,100,synthetic
earthquake,3,10,85.3,synthetic
landslide,3,66,77.9,synthetic
cyclone,2,94,65.0,synthetic
other,3,19,75.3,synthetic
industrial,4,15,95.0,synthetic
fire,3,36,77.6,synthetic
fire,3,11,84.1,synthetic
other,4,123,99.7,synthetic
industrial,3,28,90.3,synthetic
storm,3,14,76.7,synthetic
other,3,4,75.2,synthetic
fire,1,19,35.7,synthetic
industrial,1,20,39.7,synthetic
other,1,111,36.6,synthetic
flood,3,55,83.8,synthetic
storm,2,22,57.1,synthetic
fire,3,49,83.8,synthetic
other,1,25,32.1,synthetic
flood,2,13,55.8,synthetic
storm,1,23,32.4,synthetic
earthquake,4,33,100,synthetic
other,1,3,32.8,synthetic
flood,2,20,59.5,synthetic
flood,3,15,76.9,synthetic
flood,4,25,94.5,synthetic
other,4,34,100,synthetic
landslide,4,53,99.8,synthetic
landslide,2,15,56.6,synthetic
industrial,2,29,58.2,synthetic
industrial,2,4,46.8,synthetic
storm,3,58,90.6,synthetic
other,1,24,33.6,synthetic
flood,3,13,76.4,synthetic
industrial,2,49,58.4,synthetic
fire,2,16,61.5,synthetic
other,2,4,51.5,synthetic
fire,4,94,100,synthetic
landslide,4,109,100,synthetic
cyclone,1,19,36.8,synthetic
storm,3,18,79.6,synthetic
other,3,477,93.6,synthetic
fire,2,56,65.7,synthetic
earthquake,3,9,92.2,synthetic
earthquake,2,36,60.4,synthetic
fire,2,58,63.4,synthetic
fire,3,6,82.7,synthetic
storm,4,65,100,synthetic
landslide,3,76,88.8,synthetic
flood,3,47,87.9,synthetic
industrial,2,28,58.2,synthetic
cyclone,2,22,60.2,synthetic
fire,2,32,54.9,synthetic
cyclone,1,102,48.6,synthetic
storm,4,55,98.9,synthetic
earthquake,3,36,89.6,synthetic
industrial,3,26,84.1,synthetic
other,3,210,83.7,synthetic
fire,2,71,61.9,synthetic
industrial,1,41,36.3,synthetic
other,3,49,84.4,synthetic
fire,2,75,67.7,synthetic
cyclone,3,29,82.0,synthetic
flood,1,20,29.4,synthetic
earthquake,2,44,67.8,synthetic
landslide,3,35,81.7,synthetic
other,4,17,96.7,synthetic
industrial,3,223,87.6,synthetic
other,2,41,55.4,synthetic
flood,3,7,74.0,synthetic
earthquake,4,12,100,synthetic
fire,2,29,57.2,synthetic
other,4,53,100,synthetic
earthquake,3,32,94.0,synthetic
storm,3,342,84.8,synthetic
landslide,3,17,82.7,synthetic
landslide,3,108,88.3,synthetic
other,2,70,61.7,synthetic
industrial,4,26,100,synthetic
earthquake,2,9,60.6,synthetic
landslide,3,14,88.5,synthetic
landslide,1,56,41.2,synthetic
cyclone,3,9,88.0,synthetic
other,1,118,27.7,synthetic
other,3,14,83.1,synthetic
fire,3,6,80.9,synthetic
earthquake,2,64,66.3,synthetic
landslide,4,40,100,synthetic
other,2,77,54.6,synthetic
other,3,23,77.8,synthetic
industrial,4,36,99.6,synthetic
fire,2,14,58.0,synthetic
cyclone,2,19,62.7,synthetic
flood,2,25,56.0,synthetic
earthquake,2,36,62.1,synthetic
landslide,3,26,90.7,synthetic
other,3,47,79.3,synthetic
other,3,142,77.1,synthetic
other,3,1,69.5,synthetic
fire,1,41,35.2,synthetic
storm,4,25,98.2,synthetic
other,1,38,28.5,synthetic
other,3,47,81.9,synthetic
landslide,3,13,84.7,synthetic
flood,2,74,55.2,synthetic
flood,4,8,98.6,synthetic
industrial,2,118,55.7,synthetic
industrial,2,88,56.2,synthetic
storm,1,140,36.5,synthetic
earthquake,3,10,85.0,synthetic
industrial,4,18,96.0,synthetic
landslide,2,770,69.3,synthetic
fire,1,50,35.7,synthetic
flood,2,19,58.5,synthetic
landslide,2,188,65.5,synthetic
storm,2,37,57.2,synthetic
earthquake,3,27,94.4,synthetic
storm,4,138,100,synthetic
earthquake,2,10,67.0,synthetic
cyclone,4,10,100,synthetic
industrial,4,39,93.8,synthetic
cyclone,2,25,56.5,synthetic
cyclone,1,20,37.9,synthetic
flood,4,3,95.2,synthetic
other,2,95,53.0,synthetic
flood,2,4,54.4,synthetic
cyclone,3,62,79.4,synthetic
cyclone,3,75,82.8,synthetic
landslide,2,119,64.7,synthetic
other,3,23,78.5,synthetic
cyclone,3,58,87.1,synthetic
landslide,2,21,64.2,synthetic
storm,2,56,54.8,synthetic
earthquake,3,26,86.8,synthetic
flood,3,44,82.6,synthetic
earthquake,1,35,38.5,synthetic
other,3,29,75.5,synthetic
landslide,3,16,83.9,synthetic
earthquake,1,11,36.4,synthetic
storm,2,26,53.0,synthetic
cyclone,2,9,60.9,synthetic
industrial,3,11,75.1,synthetic
fire,4,89,100,synthetic
other,2,15,52.7,synthetic
storm,1,19,31.5,synthetic
industrial,4,15,93.0,synthetic
storm,2,249,58.8,synthetic
fire,3,17,78.7,synthetic
industrial,4,15,100,synthetic
other,3,24,78.2,synthetic
landslide,3,52,86.3,synthetic
earthquake,2,62,64.2,synthetic
fire,1,20,38.1,synthetic
landslide,1,10,32.8,synthetic
fire,1,26,34.6,synthetic
storm,4,8,98.0,synthetic
cyclone,3,14,76.6,synthetic
earthquake,2,21,66.4,synthetic
landslide,3,13,87.6,synthetic
cyclone,3,34,82.7,synthetic
flood,4,16,99.8,synthetic
storm,2,17,53.2,synthetic
landslide,2,108,61.0,synthetic
other,4,71,98.1,synthetic
storm,1,45,42.3,synthetic
earthquake,3,217,87.7,synthetic
other,3,49,82.1,synthetic
landslide,2,91,65.3,synthetic
other,3,75,80.0,synthetic
industrial,3,76,89.5,synthetic
fire,1,9,31.0,synthetic
earthquake,3,58,91.1,synthetic
industrial,1,14,24.6,synthetic
cyclone,2,15,55.1,synthetic
storm,4,33,97.3,synthetic
fire,1,19,36.8,synthetic
other,1,70,38.8,synthetic
fire,2,63,64.5,synthetic
earthquake,4,82,100,synthetic
earthquake,2,27,67.0,synthetic
earthquake,3,31,84.2,synthetic
cyclone,2,30,61.3,synthetic
fire,3,106,89.4,synthetic
storm,2,31,60.8,synthetic
storm,3,55,79.1,synthetic
storm,2,32,54.4,synthetic
fire,3,22,76.5,synthetic
fire,2,68,59.4,synthetic
industrial,2,33,60.8,synthetic
earthquake,3,34,88.1,synthetic
flood,4,157,100,synthetic
cyclone,4,174,100,synthetic
industrial,3,31,83.8,synthetic
flood,3,18,82.5,synthetic
other,3,9,72.0,synthetic
flood,3,30,76.7,synthetic
cyclone,2,8,60.8,synthetic
other,4,5,91.0,synthetic
industrial,2,16,50.9,synthetic
cyclone,4,45,100,synthetic
landslide,2,7,58.2,synthetic
cyclone,3,63,83.4,synthetic
industrial,2,75,60.0,synthetic
landslide,3,114,84.2,synthetic
fire,3,28,83.8,synthetic
storm,4,81,100,synthetic
other,2,81,56.2,synthetic
earthquake,3,33,89.2,synthetic
fire,3,2,77.3,synthetic
landslide,1,26,36.3,synthetic
flood,2,11,51.5,synthetic
cyclone,2,20,55.7,synthetic
other,1,219,34.2,synthetic
industrial,3,33,89.9,synthetic
fire,2,74,65.4,synthetic
earthquake,3,48,85.5,synthetic
earthquake,2,97,66.0,synthetic
earthquake,4,50,100,synthetic
earthquake,3,44,98.7,synthetic
industrial,2,14,62.3,synthetic
landslide,3,299,93.6,synthetic
landslide,2,43,58.8,synthetic
cyclone,3,9,85.7,synthetic
fire,3,146,83.0,synthetic
other,4,12,100,synthetic
flood,4,125,100,synthetic
industrial,2,21,65.0,synthetic
earthquake,2,17,66.5,synthetic
storm,2,140,67.8,synthetic
fire,2,3,55.3,synthetic
industrial,1,42,40.3,synthetic
earthquake,1,115,50.6,synthetic
landslide,2,72,72.9,synthetic
fire,2,34,67.3,synthetic
earthquake,2,21,67.5,synthetic
fire,2,35,61.8,synthetic
other,2,84,55.5,synthetic
flood,3,28,76.9,synthetic
landslide,4,40,100,synthetic
flood,2,32,60.7,synthetic
other,1,10,27.3,synthetic
landslide,3,17,99.1,synthetic
cyclone,3,51,83.2,synthetic
earthquake,1,28,38.1,synthetic
flood,4,314,100,synthetic
fire,2,146,73.4,synthetic
earthquake,3,144,90.4,synthetic
storm,3,96,78.4,synthetic
industrial,1,43,37.1,synthetic
earthquake,2,19,66.5,synthetic
storm,2,22,51.0,synthetic
cyclone,1,58,42.4,synthetic
storm,2,199,64.3,synthetic
cyclone,3,22,90.0,synthetic
landslide,4,49,100,synthetic
storm,1,29,32.2,synthetic
earthquake,1,25,49.2,synthetic
cyclone,1,65,40.5,synthetic
fire,3,3,82.9,synthetic
flood,4,8,98.5,synthetic
storm,1,126,36.0,synthetic
industrial,3,24,77.8,synthetic
landslide,2,45,70.4,synthetic
landslide,3,123,93.0,synthetic
industrial,2,140,64.9,synthetic
flood,4,74,98.1,synthetic
storm,2,15,54.8,synthetic
cyclone,1,73,41.1,synthetic
storm,3,4,73.3,synthetic
landslide,3,234,91.9,synthetic
industrial,2,8,47.2,synthetic
storm,4,203,100,synthetic
other,3,5,74.9,synthetic
flood,3,19,79.7,synthetic
storm,1,4,21.8,synthetic
earthquake,3,123,96.4,synthetic
fire,2,71,60.0,synthetic
other,3,65,79.1,synthetic
landslide,3,22,84.6,synthetic
flood,4,124,100,synthetic
flood,2,6,54.9,synthetic
cyclone,3,9,81.3,synthetic
storm,4,287,100,synthetic
other,1,6,25.1,synthetic
flood,1,29,41.2,synthetic
earthquake,4,34,100,synthetic
other,3,60,80.5,synthetic
cyclone,2,20,61.2,synthetic
earthquake,4,24,100,synthetic
industrial,2,14,60.2,synthetic
landslide,3,23,91.7,synthetic
industrial,3,69,82.6,synthetic
landslide,4,52,100,synthetic
fire,1,15,41.8,synthetic
landslide,3,21,89.6,synthetic
landslide,1,38,42.9,synthetic
other,1,30,30.0,synthetic
landslide,3,4,87.4,synthetic
industrial,4,49,100,synthetic
industrial,4,25,100,synthetic
cyclone,3,73,83.1,synthetic
earthquake,1,59,54.7,synthetic
cyclone,1,130,39.7,synthetic
landslide,2,264,71.4,synthetic
storm,4,52,100,synthetic
flood,3,54,80.2,synthetic
earthquake,3,328,96.0,synthetic
storm,4,10,93.2,synthetic
earthquake,2,7,60.6,synthetic
industrial,1,95,39.6,synthetic
landslide,4,21,100,synthetic
other,4,17,96.1,synthetic
storm,2,23,50.1,synthetic
cyclone,2,115,58.7,synthetic
storm,4,36,100,synthetic
landslide,3,16,80.1,synthetic
earthquake,2,15,63.3,synthetic
storm,3,3,71.4,synthetic
fire,3,14,81.8,synthetic
other,2,163,57.8,synthetic
landslide,3,55,89.8,synthetic
industrial,1,18,35.9,synthetic
industrial,3,63,87.8,synthetic
earthquake,3,41,90.1,synthetic
landslide,3,57,95.2,synthetic
industrial,4,31,100,synthetic
industrial,3,45,89.0,synthetic
landslide,2,81,62.7,synthetic
landslide,2,36,54.7,synthetic
flood,4,128,100,synthetic
flood,3,27,77.2,synthetic
flood,3,13,78.6,synthetic
other,4,63,93.9,synthetic
earthquake,4,77,100,synthetic
landslide,3,111,90.6,synthetic
storm,3,18,83.4,synthetic
storm,2,46,55.5,synthetic
fire,3,158,88.6,synthetic
cyclone,3,97,86.6,synthetic
landslide,2,74,68.2,synthetic
other,1,74,34.3,synthetic
fire,3,45,84.2,synthetic
landslide,2,105,65.0,synthetic
earthquake,3,57,86.7,synthetic
industrial,2,33,56.0,synthetic
cyclone,3,89,87.3,synthetic
cyclone,2,89,62.9,synthetic
fire,2,42,61.8,synthetic
landslide,3,37,84.0,synthetic
industrial,4,127,100,synthetic
cyclone,2,6,55.1,synthetic
fire,2,45,62.6,synthetic
flood,3,10,78.1,synthetic
fire,3,33,81.9,synthetic
landslide,2,8,54.5,synthetic
earthquake,2,141,66.5,synthetic
fire,3,81,83.5,synthetic
cyclone,2,29,52.1,synthetic
other,2,49,54.0,synthetic
fire,3,246,77.4,synthetic
landslide,3,15,88.1,synthetic
flood,4,16,97.5,synthetic
flood,1,6,33.2,synthetic
storm,2,26,58.5,synthetic
storm,2,18,55.3,synthetic
other,3,123,87.3,synthetic
flood,4,67,100,synthetic
